Detected_Date,Municipality,Title,Page_URL,Has_Tourism_Keyword,Has_Inflation_Keyword,Excerpt_Summary
2026/09/07,滋賀県,令和9年度予算,https://www.pref.shiga.lg.jp/menu/32910.html,FALSE,FALSE,PDFなし
2026/09/07,滋賀県,令和8年度予算,https://www.pref.shiga.lg.jp/menu/27163.html,FALSE,FALSE,PDFなし
2026/09/07,滋賀県,令和7年度予算,https://www.pref.shiga.lg.jp/menu/27164.html,FALSE,FALSE,PDFなし
2026/09/18,滋賀県,令和8年度9月補正予算案の概要,https://www.pref.shiga.lg.jp/be00/33489.html,TRUE,TRUE,"【物価高騰】... 間：令和９年度から令和 14 年度まで 限度額：390,939 → 496,184 内 容：近年の物価高騰に伴い、第３期自治体情報セキュリティ クラウド構築業務に係る債務負担行為の補正を行うも の。 事 業... | 【物価高騰】... 間：令和９年度から令和 14 年度まで 限度額：390,939 → 496,184 内 容：近年の物価高騰に伴い、第３期自治体情報セキュリティ クラウド構築業務に係る債務負担行為の補正を行うも の。 事 業..."
2026/09/19,長浜市,令和9年度予算編成過程,https://www.city.nagahama.lg.jp/0000017240.html,TRUE,TRUE,【物価高騰】...、ＤＸの取組にかかる後年度の負担につい ても、その財源の捻出方法を明確にすること。 労務単価の上昇や物価高騰による物件費の増嵩分は適切に見込む一方、事務事業の見直 しにより人件費削減効果や費用対効果の見込めな... | 【物価高騰】...、ＤＸの取組にかかる後年度の負担につい ても、その財源の捻出方法を明確にすること。 労務単価の上昇や物価高騰による物件費の増嵩分は適切に見込む一方、事務事業の見直 しにより人件費削減効果や費用対効果の見込めな...
2026/09/01,長浜市,令和8年度補正予算,https://www.city.nagahama.lg.jp/0000017030.html,TRUE,FALSE,"【滞在】...業育成事業 オープンイノベーション推進事業 ○企業立地等推進事業 新規産業用地開発促進事業 ○宿泊・滞在型観光推進事業 国際観光推進事業 ◆教育費 ○部活動地域移行推進事業 部活動の地域連携・地域展開事業... | 【地域活性化】...4】 21,947 【国：21,947】 225,096 【国：225,096】 222,009 ○地域活性化施設管理運営事業 大見いこいの広場電気マンホール移設工事 1,900 【その他：866】 ○市税賦課... | 【観光】...事業 オープンイノベーション推進事業 ○企業立地等推進事業 新規産業用地開発促進事業 ○宿泊・滞在型観光推進事業 国際観光推進事業 ◆教育費 ○部活動地域移行推進事業 部活動の地域連携・地域展開事業 ○教..."
2026/07/02,長浜市,令和7年度補正予算,https://www.city.nagahama.lg.jp/0000015872.html,TRUE,TRUE,"【観光】...業） （農業経営支援事業） （林業振興対策事業） （バイオ産業推進事業） （企業立地等推進事業） （観光イベント開催事業） 【文化芸術基金：2,353】 0 【国：72,765】 【協働基金：▲41,61... | 【物価高騰】...,384 減債基金：55,003 介護保険特別会計繰入金：204 前年度繰越金：321,968 １．物価高騰対策に関するもの ○子ども･子育て支援事業 光熱水費、食材費等の高騰に伴う民間保育所･ 認定こども園... | 【給付金】...5,483,038 29,986 5,513,024 615,167 ○低所得者支援及び定額減税補足給付金給付事業 定額減税補足給付金（不足額給付） 585,181 【国：585,181】 ○中学校校舎等維..."
2026/03/07,長浜市,令和8年度予算（案）の概要,https://www.city.nagahama.lg.jp/0000016625.html,TRUE,TRUE,"【滞在】...策事業費農産物振興事業費農業経営支援事業費新産業育成事業費企業立地等推進事業費商工振興事務経費宿泊・滞在型観光推進事業費心輝く学校づくり推進事業費学校支援事業費部活動地域移行推進事業費教育指導事務経費中学... | 【誘客】...の放映を契機に、地域経済の持続的発展をめざし、本市の魅力を広く全国に発信するとともに、地域内外からの誘客及び地域活性化を図る136,094当初北近江豊臣博覧会推進室6観音の里・祈りとくらしの文化伝承事業こ... | 【クーポン】...費 【主な減少要因】・国スポ障スポ開催経費 ・自治体情報ｼｽﾃﾑ標準化移行 △3.8億円 ・デジタルクーポン事業 +5.7億円 ・人件費（退職手当含む） +3.0億円 ・しょうがい者自立支援給付費 +5.6億..."
2026/01/21,長浜市,令和8年度予算編成過程,https://www.city.nagahama.lg.jp/0000016252.html,TRUE,TRUE,【インバウンド】... ○文化観光の推進 ・「北近江豊臣博覧会」及びイベント・祭り等の開催・連携に よる観光振興の推進 ・インバウンド需要を取り込む国際観光の推進 ・「観音の祈りとくらしの文化」の保存伝承及び発信の推進 むが、令和８年... | 【観光】...も若者を「主人公」にするまち～ ２ 健康･医療･福祉 ～健康医療を誇りにするまち～ ３ 歴史･自然･観光 ～歴史・自然・創造が交わる観光のまち～ ４ 産業 ～未来を切り拓く産業のまち～ ５ 教育･文化 ～... | 【物価高騰】...件費の抑制 人件費は、人事院勧告への対応や会計年度職員に係る経費増等の影響により、また、物 件費は、物価高騰や外部委託の増加等により、ともに著しく増加している。 今後予測される人件費単価の増嵩に十分留意し、会...
2026/01/21,長浜市,令和7年度予算編成過程,https://www.city.nagahama.lg.jp/0000014837.html,TRUE,TRUE,【インバウンド】...空き店舗対策の推進 〇文化観光の推進 ・令和8年大河ドラマ「豊臣兄弟!」を活用した観光振興の推進 ・インバウンド需要を取り込むための国際観光の推進 ・戦国の歴史を伝える「(仮称)小谷城戦国体験ミュージアム」等 博... | 【観光】...促進 ・地域の医療・救急及び産科医療体制等の維持・確保 ・病院再編実現のための事業実施 部局名 産業観光部 予算要求の重点事項 会計名 令和７年度 要求額 令和６年度 当初予算額 増減額 増減率 一般会計... | 【物価高騰】...やＤＸの取組にかかる後年度の負担につ いても、その財源の捻出方法を明確にすること。 労務単価の上昇や物価高騰による物件費の増嵩分は適切に見込む一方、人件費削減効果 や費用対効果の見込めない外部委託等は、直ちに...
2026/01/21,長浜市,令和7年度当初予算（案）の概要,https://www.city.nagahama.lg.jp/0000015298.html,TRUE,TRUE,"【誘客】...の放映を契機に、地域経済の持続的発展を目指し、本市の魅力を広く全国に発信するとともに、地域内外からの誘客を促進286,000136,000新規文化観光課7地域における女性の参画推進事業女性の地域自治組織へ... | 【周遊】...。 また、当該ミュージアムをハブ施設として市内の周辺史跡や観光スポットのネットワーク化を図ることで、周遊型観光の推進を図ります。 担当：文化観光課歴史まちづくり室 歴史まちづくり係 室長 森岡 賢哉 ℡６... | 【地域活性化】...トフォームが提供する「地域みらい留学」に参画することで、地域の連携・協力体制を構築し、高校を核とした地域活性化や地方創生を実現します。 ２ 内 容 ○「地域みらい留学」への参画 全国規模の広報周知、合同説明会へ..."
2026/09/11,京都市,京都市：令和8年度予算について,https://www.city.kyoto.lg.jp/gyozai/page/0000347934.html,TRUE,TRUE,"【重点支援】... 化推進担当 075-841-3505 令和８年度７月補正予算の概要 京 都 市 今回の補正は、国の重点支援地方交付金等を活用し、物価高騰の影響を受ける市民・ 事業者に対する省エネ設備の導入支援等を実施する。... | 【観光】... デジタル地域ポイント給付事業」に ついて、直近の給付申請の状況を踏まえ、予算額を増額する。 （産業観光局） 中小企業デジタル化推進事業 ２４４，０００千円 〔財源：一般財源 244,000 千円〕 中小... | 【物価高騰】...3505 令和８年度７月補正予算の概要 京 都 市 今回の補正は、国の重点支援地方交付金等を活用し、物価高騰の影響を受ける市民・ 事業者に対する省エネ設備の導入支援等を実施する。 また、母子父子寡婦福祉資金貸..."
2026/02/10,京都市,京都市：令和7年度予算について,https://www.city.kyoto.lg.jp/gyozai/page/0000335933.html,TRUE,TRUE,"【プレミアム】...促進事業 ５０，０００千円 〔財源：国庫支出金（臨時交付金）50,000 千円〕 商店街等が実施するプレミアム付商品券発行事業などの消費喚起事業に対して、 「市民生活応援デジタル地域ポイント（仮称）」の利用店舗... | 【商品券】...０，０００千円 〔財源：国庫支出金（臨時交付金）50,000 千円〕 商店街等が実施するプレミアム付商品券発行事業などの消費喚起事業に対して、 「市民生活応援デジタル地域ポイント（仮称）」の利用店舗の拡大等... | 【重点支援】...138,467 1 保健福祉総務費 6,945,496 △96,000 金 補助金 1 物価高騰対応重点支援地方創生臨時交付金 10/10 2 地域未来交付金 1/2 △120,000 24,000 歳 入 ..."
2026/09/11,京都市,京都市：令和7年度決算について,https://www.city.kyoto.lg.jp/gyozai/page/0000356936.html,TRUE,TRUE,【誘客】...や市バスの 混雑対策等を推進する「市民生活と観光の調和・両立」と、担い手の確保をはじめ、周辺部へ の誘客など利用促進策や駅ナカビジネス・広告等による収入増加策を展開する「将来を見据え た経営戦略の推進」の... | 【滞在】...を活かし「新たな魅力・価値を創造し続けるまち」 多彩な才能と地域等との交ざり合い促進に向け、創造的な滞在を後押しするレジデンス施設の 立ち上げを支援するとともに、ニュイ・ブランシュ KYOTO と連携した... | 【クーポン】...のち」と「くらし」を守る取組の推進 取組名 実 績 がん検診受診率向 ・胃がん検診新規対象者向け無料クーポン事業：新たに胃がん検診の対象 上対策の充実 となる 50 歳に対し、無料クーポン券を送付 （配布実績...
2026/08/11,京都市観光協会,ディスクロージャー／情報公開,https://www.kyokanko.or.jp/about-kta/disclosure/,TRUE,FALSE,"【誘客】...進している場所の分散化事業について、各エリアの特性を 活かしたブランディングを推進し、地域の活性化と誘客促進に向けてプロモーシ ョンを強化する。 （２）府市連携による周遊観光の促進 府市連携による周遊観光... | 【滞在】...興に資する事業に対し行灯・配線ケーブル等の電気設備資材の貸出し を行う。夜観光、宿泊観光の促進による滞在時間の延長により、経済効果の波及 を狙う。 （３）京の七夕 京都府、京都市等で構成する「京の七夕実行... | 【周遊】...外国⼈6,000万⼈の⽬標を維持してお り、これを実現するために、受け⼊れ余地の⼤きい地⽅部への広域周遊を推進する べく、関連施策が強化される⾒通しです。 観光庁は、成⻑するインバウンド需要を地域経済へ還..."
2026/09/03,宮津市,令和7年度決算,https://www.city.miyazu.kyoto.jp/site/yosankessai/31034.html,TRUE,TRUE,"【誘客】...の造成支援 ・市内小中学校の校外学習支援 ・天橋義塾開校150周年記念 歴史資料館企画展の開 催 ◆誘客の強化 外部人材を活用した地域資源を組み込んだ着地型旅 行商品の造成 企 画 課 商工観光課 学校教... | 【滞在】...○保育園留学の実施（委託料） 2,750,000円 都市部の子育て世帯を対象とし、１～２週間市街地に滞在し通園する民間保育園 と、宿の選定、予約ページの作成等、試験的導入を目指した準備を進めるととも に、... | 【クーポン】...ふるさと市民制度「MIYAZUTTO!」の運用等 ・二十歳のつどい参加者限定コンテンツの配信、電子 クーポンの配布等 移住定住・ 魅力発信課 ■住環境の充実 ■住環境の充実 事 業 名 令和6年度 決 算 額..."
2026/09/03,宮津市,令和8年度　9月補正予算,https://www.city.miyazu.kyoto.jp/site/yosankessai/31033.html,TRUE,TRUE,"【誘客】...各種データ等を活用した観光事業者 の業務効率化やサービス向上の体制を構築することで、地域一体となった誘客活動に つなげるもの。 (観光庁「全国の観光地・観光産業における観光ＤＸ推進事業」の採択に伴うもの)... | 【重点支援】...0 歳 出 合 計 13,537,533 220,559 13,758,092 地方創生臨時交付金（重点支援地方交付金） 28,545 学校施設環境改善交付金 15,990 ほか ベビーケアルーム設置促進事業... | 【観光】...1,569 ＜９月補正予算（案）の概要＞ ■一般会計 ： ふるさと住民登録制度を見据えたモデル事業や観光ＤＸの推進、ドローン輸配送の可能性調査など、 未来を見据えた取組を進めるとともに、物価高騰に苦しむ農..."
2026/06/02,宮津市,令和8年度　6月補正予算,https://www.city.miyazu.kyoto.jp/site/yosankessai/30047.html,FALSE,FALSE,PDF 2件を含むページ
2026/02/26,宮津市,令和8年度当初予算の概要,https://www.city.miyazu.kyoto.jp/site/yosankessai/29053.html,TRUE,TRUE,【誘客】...京都府立丹後郷土資料館のリニューアルを見据え、地域活性化企業人を活用した文 6 化交流促進による観光誘客、観光 DX の更なる推進やエコ観光地づくりに向けたグ リーンスローモビリティの運行開始など観光満足... | 【滞在】... 重点事項②：■「日帰り」から「宿泊」への転換 ～稼ぐエンジン（コンテンツ）の造成強化～ 【目的】 滞在時間を延ばし、地域での消費機会を最大化することで、 単なる景勝地としての「通過」から、何度でも泊まり... | 【プレミアム】...りました。 その一方で、依然として、物価高騰等により厳しい状況が続く地域経済や市民生 活を守るため、プレミアム付商品券の販売や子育て世帯への応援手当の支給、給食 費の保護者負担軽減対策などきめ細かに各施策を実施...
2026/03/31,宮津市,令和7年度　3月補正予算,https://www.city.miyazu.kyoto.jp/site/yosankessai/29055.html,TRUE,TRUE,"【プレミアム】...△ 1,333 ◆国庫補助不採択に伴う減額 （宮津駅太陽光パネル設置詳細設計） ◆実績に基づく減 （プレミアム付き商品券発行支援） ◆実績に基づく減 （中山間地域等直接支払交付金） 児童遊園管理運営事業 934... | 【商品券】... ◆国庫補助不採択に伴う減額 （宮津駅太陽光パネル設置詳細設計） ◆実績に基づく減 （プレミアム付き商品券発行支援） ◆実績に基づく減 （中山間地域等直接支払交付金） 児童遊園管理運営事業 934 8,16... | 【観光】...◆民間商品の売り上げにより集まった寄付金の受入れに伴う整理 （宮津燈籠流し花火大会の開催支援） 商工観光課 商工会議所経営改善普及活動等支援事業 12,300 15,287 3,268 3,268 ◆実績..."
2026/01/21,宮津市,令和7年度　12月補正予算,https://www.city.miyazu.kyoto.jp/site/yosankessai/28361.html,TRUE,TRUE,"【重点支援】...0 1,921,020 物価高対応子育て応援手当支給事業費補助金 35,700 地方創生臨時交付金(重点支援地方交付金) 26,775 ほか 支 産 出 収 金 940,406 入 33,847 金 361,... | 【観光】...駅のリニューアルに向けた民間事業者の選定 ※債務負担行為の設定 48,000千円（R7～R9） 商工観光課 ■安心・安全に生活でき、環境にやさしいまちづくり 5 不燃物処理場管理運営事業 59,658 7... | 【物価高騰】...ついているものは、「令和7年度12月補正予算【追加提案分】 事業等説明資料」での説明があるもの。 ■物価高騰対策に係る補正 事 業 名 令和６年度 決 算 額 令和７年度 既決予算額 今回補正額 財 源 内 ..."
2026/01/21,宮津市,令和7年度　9月補正予算,https://www.city.miyazu.kyoto.jp/site/yosankessai/27267.html,TRUE,TRUE,"【誘客】...ける観光ＤＸ推進事業」採択 補正理由 及び 目的･目標 観光ＤＸを推進することにより、地域一体となり誘客活動に取り組める体制を構築 する。 (観光庁「全国の観光地・観光産業における観光ＤＸ推進事業」の採択... | 【周遊】...R7)策定 宮津市地域公共交通計画(R4～R8)策定 【方策９】観光地へのアクセスなど公共交通による周遊性の向上 【方策10】自動運転など先進モビリティを活用したラストワンマイル確保の検討 背景･経緯 ・... | 【観光】...1 21,250,708 ＜９月補正予算【その１】（案）の概要＞ ■一般会計 ：国の補助採択を受けた観光ＤＸ推進のための専門人材の活用、定額減税補足給付金(不足額給付)の 追加に係る経費を計上するもの。 ..."
2026/01/21,宮津市,令和7年度　6月補正予算,https://www.city.miyazu.kyoto.jp/site/yosankessai/26274.html,TRUE,FALSE,【観光】...ず左右に揺れている状況 となっている。 ↓ ・新たなにぎわいの創出による地域の活性化 ・「スポーツ×観光」のまちづくり ・観光入込客数の増加 期 待 される 効果等 [KPI] 〇栗田半島を中心とした周辺...
2026/01/21,宮津市,令和7年度当初予算の概要,https://www.city.miyazu.kyoto.jp/site/yosankessai/25352.html,TRUE,TRUE,"【誘客】...を楽しむ」 「宮津をより深く知る」のステップにおいて、地域一体 となって交流人口拡大に取り組む。 ◆誘客の強化 外部人材を活用した着地型旅行商品の造成 企 画 課 商工観光課 学校教育課 社会教育課 6,... | 【滞在】...ンターMIYAZU」の開設（京都府立大学がサテライトオフィスを設置 し、連携に向けた調整や大学生等の滞在拠点づくりを実施） ・R5.5:「宮津市内高等学校・宮津市連携推進会議」の設置（連携や協働を通じて市... | 【プレミアム】...ちづくりでは、物価高騰により疲弊した地域経済の活性化 や市民生活を支援するため、宮津商工会議所が行うプレミアム付き商品券の発行を 支援するとともに、農林水産業を振興するため、新規就農者の就農直後の経営確立 等を..."
2026/01/21,京丹後市,令和7年度当初予算の概要,https://www.city.kyotango.lg.jp/top/soshiki/somu/zaisei/7/2/r7_0/20842.html,TRUE,TRUE,【誘客】...交流員（1人）を任用 地域おこし協力隊活動経費 324万円 （重掲） 砂浜海岸のにぎわいづくり、観光誘客活動等（1人） 新 （仮称）全日本ライフセービング種目別選手権大会実行委員会補助金 100万円 令和... | 【滞在】...に基づく連携経費 6万円 海業振興の取組を支援 100万円 ジオパークや四季の魅力を活かした「体験・滞在型の観光地づくり」を支援 【補助率：2/3 上限：100万円】 ！ ❕ ゼロ予算 ➡ 農業推進計画（... | 【クーポン】...保有者を対象に、運転技術の低下などをチェック ②運転免許証自主返納支援 400万円 公共交通機関等のクーポン券（2万円分）等を支援 百才活力社会の推進 78万円 ①“働くシニア応援プロジェクト”の実施 35万...
2026/04/01,京丹後市,令和8年度当初予算の概要,https://www.city.kyotango.lg.jp/top/soshiki/somu/zaisei/7/2/r8_1/22054.html,TRUE,TRUE,"【誘客】...まちづくり 地域資源を活かした観光の促進 観光業 市観光公社の活動を支援 7,856万円 新 愛知県誘客連携プロジェクト 1,500万円 ・国内外への観光プロモーション（インバウンド誘致・ヘルスツーリズム... | 【滞在】...1 農業使用料 7,401 公有財産使用料 貸付農家住宅使用料 市民農園使用料 農林水産業活性化推進滞在施設使用料 法定外公共物使用料 ｱｸﾞﾘｾﾝﾀｰ使用料 2 林業使用料 295 法定外公共物使用料 ... | 【クーポン】...保有者を対象に、運転技術の低下などをチェック ②運転免許証自主返納支援 210万円 公共交通機関等のクーポン券（1万円分）等を支援 百才活力社会の推進 42万円 シルバー人材センター等の関係機関と連携し、高齢..."
2026/05/21,京丹後市,令和7年度予算の概要（補正予算）,https://www.city.kyotango.lg.jp/top/soshiki/somu/zaisei/7/3/r7/r7_hoseikoukai/21438.html,TRUE,TRUE,"【重点支援】...えて 進捗状況 を確認し、必要なものについて、補正予算を編成することとしている。 また、物価高騰対応重点支援地方創生臨時交付金について、約 3,500 万円の追加内 示があったことから、交付金を活用した支援に... | 【観光】...下水道部 田中 沙智代 1162 総務部、会計課、監査委員事務局 橋本 一希 1166 建設部、商工観光部 岡下 慎太郎 1164 教育委員会事務局 山本 和実 宮原 孝太 山根 麻文 山﨑 悟史 116... | 【物価高騰】...もあり、補正 予算の編成について早期に取り組む必要がある。 記 本市の令和７年度予算は、職員人件費や物価高騰等への対策を講じつつ、第３次京 丹後市総合計画に掲げる４つの基本戦略を柱とした予算を編成した。 こう..."
2026/09/18,京丹後市,令和8年度予算の概要（補正予算）,https://www.city.kyotango.lg.jp/top/soshiki/somu/zaisei/7/3/r8/r8_hoseikoukai/22464.html,TRUE,TRUE,【観光】...2323 こども部、農林水産部、農業委員会事務局 2338 教育委員会事務局 2384 医療部、商工観光部 2431 建設部、上下水道部 2389 市民環境部、監査委員事務局 4 部 局 等 の 長 様 ... | 【物価高騰】...関係もあり、補正 予算の編成について早期に取り組む必要がある。 本市の令和８年度予算は、職員人件費や物価高騰等への対策を講じつつ、 新最終処 分場の本格整備着手をはじめ、第３次京丹後市総合計画に掲げる４つの基... | 【物価高騰】...関係もあり、補正 予算の編成について早期に取り組む必要がある。 本市の令和８年度予算は、職員人件費や物価高騰等への対策を講じつつ、 新最終処 分場の本格整備着手をはじめ、第３次京丹後市総合計画に掲げる４つの基...
2026/08/21,奈良市,令和9年度予算編成方針,https://www.city.nara.lg.jp/site/zaisei/273160.html,TRUE,TRUE,【物価高騰】... 本市でも、市税収入は増加傾向にあるものの、社会保障関係経費や公共施設の維持更新経費の増大 に加え、物価高騰も相まって、財政負担の拡大が見込まれる。職員数も減少局面にあり、限られた財 源と人的資源を、いかに市... | 【物価高騰】... 本市でも、市税収入は増加傾向にあるものの、社会保障関係経費や公共施設の維持更新経費の増大 に加え、物価高騰も相まって、財政負担の拡大が見込まれる。職員数も減少局面にあり、限られた財 源と人的資源を、いかに市...
2026/01/21,奈良市,令和8年度予算編成方針,https://www.city.nara.lg.jp/site/zaisei/248280.html,TRUE,TRUE,【物価高騰】...８年度予算編成方針 令和 8 年度においては、エネルギーや資材の価格上昇、人件費の増加などを背景 に物価高騰が継続し、経常経費の増大により厳しい財政状況が見込まれる。地域経 済は回復傾向にあるものの、公共施設... | 【物価高騰】...８年度予算編成方針 令和 8 年度においては、エネルギーや資材の価格上昇、人件費の増加などを背景 に物価高騰が継続し、経常経費の増大により厳しい財政状況が見込まれる。地域経 済は回復傾向にあるものの、公共施設...
2026/01/21,奈良市,令和7年度予算編成方針,https://www.city.nara.lg.jp/site/zaisei/214693.html,TRUE,TRUE,【物価高騰】令和７年度予算編成方針 令和７年度編成においては、物価高騰の影響により、経常経費の増加が見込ま れ、厳しい財政状況になることが予測されるとともに、老朽化が進む... | 【物価高騰】令和７年度予算編成方針 令和７年度編成においては、物価高騰の影響により、経常経費の増加が見込ま れ、厳しい財政状況になることが予測されるとともに、老朽化が進む...
2026/02/28,奈良市,令和8年度当初予算案状況の公表,https://www.city.nara.lg.jp/site/zaisei/259234.html,TRUE,FALSE,"【地域活性化】...経費 2,926 斎苑管理課 防犯カメラ管理経費 657 防犯カメラを設置する経費（新斎苑整備に伴う地域活性化対策事業等） 斎苑管理課 西山山林整備事業 15,000 新斎苑の西山山林の今後の利活用に向け、基本..."
2026/01/21,奈良市,令和7年度当初予算案状況の公表,https://www.city.nara.lg.jp/site/zaisei/229372.html,TRUE,FALSE,"【地域活性化】...71 戸籍振り仮名対応に要する経費 400,000 集会所の建設に対し補助を行う。（新斎苑整備に伴う地域活性化対策事業） 400,000 6,441 寺山霊苑納骨堂再整備にあたり、必要な初度備品等に要する経費 ... | 【観光】...る経費 農畜産物処理加工施設 整備事業 12,135 農畜産物処理加工施設のトイレ改修に要する経費 観光施設整備事業 1,030 月ヶ瀬梅の資料館のインターロッキング改修に要する経費 都 スポーツ施設運営..."
2026/04/25,奈良市,令和8年度当初予算の概要,https://www.city.nara.lg.jp/site/zaisei/259233.html,TRUE,TRUE,"【滞在】...ます。市としてもこれらの動きを起爆剤として、きたまちエリアの活性化と、奈良観 光の回遊性の向上により滞在時間の延伸につなげて参ります。 奈良観光の課題解決に向けたもう１つの取り組みとして、入江泰𠮷記念奈良... | 【誘客】...いの創出により、奈良の魅力 奈良監獄ミュージアム及び宿泊施設のオープンを契機に、観 光客をきたまちへ誘客し、地域振興及びにぎわい創出を図る ため、観光案内看板を設置するとともに地域団体等と連携し を高めて... | 【クーポン】...ムページ等を通じて広く市民及び寄附者に周知し、行政の透明 性と信頼性を確保する必要がある。 トラベルクーポン等原資 78,750 報償費 78,750 68,357 研修会・先進地視察 事務用消耗品 600 ..."
2026/03/31,奈良市,令和7年度当初予算の概要,https://www.city.nara.lg.jp/site/zaisei/228872.html,TRUE,TRUE,【誘客】... びと実践を行うプロジェクトを実施する。 ・万博開催期間には、万博奈良県実行委員会の事業として、県内誘客を促進する とともに、関西パビリオン等に設置される自治体PRブースに出展し、本市の紹介 や市内事業者... | 【滞在】...これからの奈良の魅力の発信及び共創を推進 するためのプログラムを実施する。 ・国内外の方々の奈良への滞在機会を創出し、1300年以上続いてきた奈良の歴史 文化等を体験していただけるプログラムを提案し、実装... | 【プレミアム】...じめ食材価格が高騰していることから、給食食材について追加で公費対 応することといたしました。 次に、プレミアム付商品券の発行についてでございます。 この柱の説明の冒頭で述べたとおり、消費者物価指数が大幅に上昇し...
2026/04/01,奈良市,令和8年度当初予算に関する市民アンケート結果について,https://www.city.nara.lg.jp/site/zaisei/258849.html,FALSE,FALSE,PDFなし
2026/01/21,奈良市,【終了しました】令和8年度奈良市当初予算の主な要求項目に関する市民意見募集を実施します。,https://www.city.nara.lg.jp/site/zaisei/251658.html,TRUE,TRUE,【滞在】...光産業においては、特定の季節や場所に集中する混雑（オーバーツーリズム）の緩和と、 災害時でも安心して滞在できる強靭な観光地づくりを進めます。また、地元企業の経営基盤強化 やスマート農業の推進により、若者が... | 【閑散期】...テルなどの事業者には、環境や地域に配慮した国際認証の取 得を支援します。 修学旅行の誘致においては、閑散期の利用を促進する補助制度などを活用し、年間を通じて安 定した賑わいを創出します。 また、近年頻発する... | 【観光】...安心して暮らせる社会づくり -------------------- ２ Ⅲ．分野２：しごとづくり（観光・産業・労働） １．目指す考え方 ---------------------------------...
2026/09/17,奈良市,令和7年度決算の概要,https://www.city.nara.lg.jp/site/zaisei/273628.html,TRUE,TRUE,"【プレミアム】...１０億５千万円の増加となりました。（対前年 度 ４．０％増） 【物件費】 物価高騰対策として実施したプレミアム付商品券の発行や、予防接種経費の 減少等により、前年度に比べ約２０億円の減少となりました。（対前年度... | 【商品券】...円の増加となりました。（対前年 度 ４．０％増） 【物件費】 物価高騰対策として実施したプレミアム付商品券の発行や、予防接種経費の 減少等により、前年度に比べ約２０億円の減少となりました。（対前年度 ０．７... | 【観光】...632,805 13,944,843 【令和７年度歳出決算の構成（款別）】 （単位：千円） 商工費・観光費 1,877,645 (1.2%) 消防費 4,612,562 (2.8%) その他 1,916,..."
2026/03/13,京都府,令和8年度当初予算概要,https://www.pref.kyoto.jp/yosan/08tousho.html,TRUE,TRUE,【誘客】...催準備費 2027年5月に開催が迫るワールドマスターズゲームズ2027関西の府内開催競技への積極的な誘客 を行うとともに、円滑な運営に向けた準備等を実施 74 45 14 18 13 52 74 94 -... | 【プレミアム】... ミアムブランド化や世界文化遺産登録に向けた取組を実施 農林水産部 京都フードテック推進事業費 京都プレミアム中食オープンイノベーションラボ（仮称）の整備工事に着手するなど、京都の 食産業の高付加価値化と競争力... | 【地域活性化】...Ｍｕｓｉｃ Ｆｕｓｉｏｎ iｎ Ｋｙｏ ｔｏ音楽祭事業費 誰もが親しみやすい文化である音楽を軸として地域活性化につなげるため、府内各地域でのコ ンサート開催や子ども向け体験プログラムを実施 文化生活部 寛永行幸...
2026/07/11,京都府,令和8年度6月補正予算概要,https://www.pref.kyoto.jp/yosan/08_06_hoseiyosan.html,TRUE,FALSE,【誘客】...るっと・じっくり関西」プロジェクト事業費 285百万円 関西観光本部と連携し、府域を含め関西全域への誘客を促進 訪日外国人旅行者をターゲットに、 伝統産業や文化資源を活用した高付加価値観光や 食文化を活用... | 【プレミアム】...ンター（綾部市）の基本・実施設計に着手 〇食品加工の研究開発拠点となる 府市連携 304百万円 京都プレミアム中食オープンイノベーションラボ（仮称）の機器を整備 ⇒Ｒ９年中供用開始予定 （宇治市） 14 （１）... | 【周遊】... 「まるっと京都」観光ブランド価値強化事業費 32百万円 国内旅行者の宿泊を促進するため、府市連携の周遊観光を一層強化 府市連携 国内旅行者の宿泊を伴う周遊観光につながる デジタルツールを活用した学び・体...
2026/09/18,京都府,令和8年度9月補正予算案概要,https://www.pref.kyoto.jp/yosan/08_09_hoseiyosan.html,FALSE,FALSE,PDF 4件を含むページ
2026/01/21,京都府,令和7年度当初予算概要,https://www.pref.kyoto.jp/yosan/r07toshoyosan.html,TRUE,FALSE,【誘客】...際博覧会（大阪・関西万博）」に向けては、着実に準備を進め てきたところであるが、万博来場者の府域への誘客を図るため、オール京都で知恵を出し合っ たフラッグシップ・アクションをはじめ、府域の魅力を高める施策... | 【滞在】...ジネスの実 践までを一貫支援 商工労働観光部 グローバル・スタートアップ・エコシステ ム構築事業費 滞在型プログラムの実施等による外国人起業家の誘致や、グローバル進出に必要な経営人材や 海外マーケットとの... | 【周遊】...知恵を出し合っ たフラッグシップ・アクションをはじめ、府域の魅力を高める施策に取り組むとともに、広域周遊 観光「まるっと京都」の推進など、「交流と連携による活力ある京都の実現」に取り組む。 （９）「基盤づ...
2026/01/21,京都府,令和7年度6月補正予算概要,https://www.pref.kyoto.jp/yosan/0706hosei.html,TRUE,TRUE,【周遊】...12号（大宮峰山インター線）[京丹後市] 山城総合運動公園城陽線（城陽橋）[城陽市] ほか ▶ 観光周遊・地域間交流の促進を図る道路ネットワークの整備 国道423号（法貴バイパス）[亀岡市] 国道429号... | 【観光】...事 項 説 明 資 料 商 工 労 働 観 光 部 主 要 事 項 説 明 資 料 目 次 商工労働観光部 頁 1 事 業 名 担 当 室・課 米国関税措置等緊急対策事業費 中小企業総合支援課 農産課 令... | 【給付金】... 分娩取扱施設・小児医療施設 〇分娩取扱件数や入院患者数が減少している 分娩取扱施設・小児医療施設に給付金を支給 訪問介護等事業所 〇訪問介護等事業所が行う人材確保や経営改善の取組を支援 （登録ヘルパー等の...
2026/01/21,京都府,令和7年度9月補正予算概要,https://www.pref.kyoto.jp/yosan/0709hosei.html,TRUE,TRUE,"【観光】...事 項 説 明 資 料 商 工 労 働 観 光 部 主 要 事 項 説 明 資 料 目 次 商工労働観光部 頁 1 事 業 名 担 当 室・課 経営基盤強化推進事業費 労働政策室 令和７年度 ９月補正予算... | 【物価高騰】...げ額以上の事業場内最低賃金の引き上げを行うこと 拡 新 建設業人材確保対策支援事業費 120百万円 物価高騰や人手不足の影響を受ける建設業者等への支援を強化 ポイント 建設業者や測量業者が行う 生産性向上や労... | 【給付金】...新 高校生等修学支援事業費 2,183百万円 国制度の決定に伴い高校生等の就学支援金及び奨学のための給付金を拡充 ポイント 高校生等臨時支援金 現 状 ： 年収910万円未満世帯の高校生等を対象に、上限11..."
2026/01/21,京都府,令和7年度12月補正予算概要,https://www.pref.kyoto.jp/yosan/0712hosei.html,FALSE,FALSE,PDF 46件を含むページ
2026/01/21,京都府,令和7年度12月補正予算（高病原性鳥インフルエンザに係る専決処分）概要,https://www.pref.kyoto.jp/yosan/0712senketsu.html,FALSE,FALSE,PDF 1件を含むページ
2026/03/13,京都府,令和7年度2月補正予算概要,https://www.pref.kyoto.jp/yosan/0702hosei.html,TRUE,TRUE,"【重点支援】...84,000 8節説明(千円) 区 分金額(千円)655,0001総務管理費国庫補助金106,000重点支援地方創生臨時推進事業費国庫補助金2企画費国庫補助金1,147,000 1重点支援地方創生臨時推進事業... | 【観光】...水産振興費国庫補助金1商工業費国庫補助金2,073,000重点支援地方創生臨時推進事業費国庫補助金2観光費国庫補助金11,000重点支援地方創生臨時推進事業費国庫補助金9 項 目補正前の額(千円) 補正額... | 【物価高騰】...報セキュリティクラウド構築事業費 文化芸術施設整備費 京都式自治体業務次世代モデル創発事業費 大学生物価高騰対策緊急生活支援事業費 地域公共交通再構築事業費 鉄道軌道安全輸送設備等整備事業費 暮らしを支える交..."
2026/09/17,兵庫県,令和8年度予算の概要,https://web.pref.hyogo.lg.jp/kk20/r8yosan.html,TRUE,TRUE,【誘客】...・人権尊重の推進 ○ 新観光戦略の推進 ・障害者の就労支援 ○ スポーツ・芸術文化の振興 ・戦略的な誘客プロモーションの展開 ○ 産業の振興 ○ 地域の賑わいづくり ・万博レガシーの展開 ・空き家・古民家... | 【プレミアム】...保育人材確保を強化 ● 高校生のための保育の仕事体験 ● 幼児教育の更なる質の向上 新規･拡充 ● プレミアムスポーツサマーの実施 小学生対象のスポーツイベントの情報発信や 無料体験教室を開催 事業 ● 保育所... | 【商品券】...協力の拡大取組） [417万円] ナガエツルノゲイトウ繁茂の様子 ・特定外来生物発見通報者へデジタル商品券等を進呈（通報フォームからの確定通報件数の上位20名） ・地域のシンボルツリー(桜の街路樹等)を公募...
2026/02/20,兵庫県,令和7年度予算の概要,https://web.pref.hyogo.lg.jp/kk20/r7yosan.html,TRUE,TRUE,"【誘客】...を兵庫に取り込むため、各種事業をオール兵庫で推進 ひょうごフィールドパビリオンの展開 ・万博期間中の誘客に向けた戦略的プロモーション [7,636万円] ・万博後の継続も⾒据えた磨き上げ（ﾈｯﾄﾜｰｸ強化... | 【滞在】... ⼒向上研修を実施 ・トップセミナー：１回 ・おもてなし⼒向上研修：15回 ⾼齢者・障害者が安⼼して滞在する上で障壁となるﾊｰﾄﾞ⾯以外の課題を解消するた めの宿泊施設の取組を⽀援 ・補助対象：宿泊施設（... | 【プレミアム】...さまよえるオランダ⼈｣ ・阪神・淡路⼤震災30年によせ祈りを込めた「千⼈の交響曲」 など ○ひょうごプレミアム芸術デー（無料開放･無料イベント等）の実施 [959万円] ・県内の美術館・博物館等の無料開放や無料..."
2026/09/15,兵庫県,令和8年度神戸県民センター主要施策の概要,https://web.pref.hyogo.lg.jp/kok12/20250303.html,TRUE,FALSE,【誘客】...プロミュージシャン、 神戸市等と連携して、神戸市内ジャズプロモー ション事業やジャズファンの神戸への誘客と滞在 型ツーリズムの振興、神戸ユースジャズオーケス トラへの活動支援などの取り組みを進める。 （事... | 【滞在】...ュージシャン、 神戸市等と連携して、神戸市内ジャズプロモー ション事業やジャズファンの神戸への誘客と滞在 型ツーリズムの振興、神戸ユースジャズオーケス トラへの活動支援などの取り組みを進める。 （事務局：... | 【ナイトタイム】...かし、神戸の魅力を発信する集客や交流イベ ント経費を助成。夜間・早朝に実施する事業を対象に支援する「ナイトタイムエコノミー枠」の設定 ・助 成 率 ： １/２（助成上限：一般枠／500千円、ナイトタイムエコノミー...
2026/08/07,南あわじ市,令和８年度予算,https://www.city.minamiawaji.hyogo.jp/site/sub-site-zaimu/r8yosan.html,TRUE,TRUE,"【誘客】...当該エリアならではの食のブランド価値向上や旅行者の受入基盤整備、飲食人材育成等により国内外からの観光誘客の促進を図ります。主な経費世界に誇る食のエリア形成推進事業負担金1,000万円財源内訳国庫支出金50... | 【プレミアム】...業費1億2,170万円6億4,200万円令和７年度12月補正予算令和７年度１月補正予算生活応援給付、プレミアム付商品券事業、エネルギー価格高騰対策事業など物価高対応子育て応援手当（児童手当20,000円上乗せ給... | 【商品券】...170万円6億4,200万円令和７年度12月補正予算令和７年度１月補正予算生活応援給付、プレミアム付商品券事業、エネルギー価格高騰対策事業など物価高対応子育て応援手当（児童手当20,000円上乗せ給付）令和..."
2026/03/26,南あわじ市,令和７年度予算,https://www.city.minamiawaji.hyogo.jp/site/sub-site-zaimu/r7yosan.html,TRUE,TRUE,"【誘客】...活かした観光振興令和７年度事業費：１２億１，３９７万円★「世界一の食の島」推進事業大阪・関西万博関連誘客促進事業 事業費：（掲載Ｐ．32 事業番号 1） 事業費：（掲載Ｐ．32 事業番号 2）観光客誘致へ... | 【滞在】...⇄徳島空港⇄関西のルート認知を高め周遊手段を構築するとともに、淡路島（南あわじ市）の交流人口及びその滞在時間の増加、消費拡大を図ります。主な経費徳島空港線実証運行事業補助金4,400万円財源内訳ふるさとま... | 【プレミアム】...対して生活応援として１．５万円を給付します。主な経費生活応援給付1,950万円Ⅰ．生活者への取り組みプレミアム付商品券事業事業費1億2,100万円財源内訳市一般財源1億2,100万円担商工観光課0799-43-..."
2026/04/25,南あわじ市,令和8年度施政方針,https://www.city.minamiawaji.hyogo.jp/site/shicyono-heya/sisei-r8.html,TRUE,TRUE,【誘客】...島」を目指す淡路島が連携し、神戸・淡路地域の「食」を一層磨き 上げ、世界に誇る食のエリアの形成による誘客促進を図ります。加 えて、福良地区において、空き家を活用して飲食店等を誘致・集積 させる「食の街区」... | 【周遊】...の設置などを進めます。これにより、公共交通、自 家用車、そして自転車が円滑に結ばれる利便性の高い観光周遊基盤 を構築してまいります。 このエリアの中核である「鳴門海峡の渦潮」、その世界遺産登録 活動につい... | 【インバウンド】...文化溢れる 風光明媚な景観」を活かし、地域経済を潤す観光戦略を引き続き推 進してまいります。 まず、インバウンドをはじめとする多様な観光客を呼び込む施策 として、豊かな飲食産業の集積を持つ神戸市と、「世界一の食の...
2026/02/28,南あわじ市,令和7年度施政方針,https://www.city.minamiawaji.hyogo.jp/site/shicyono-heya/sisei-r7.html,TRUE,TRUE,【誘客】...島全体、四国との連携など市域を越えた広域的取り 組みです。 万博の機会を活用し、淡路島の認知度向上と誘客につなげるために、 淡路島３市・淡路県民局・観光協会・くにうみ協会などが連携し、万博 催事に参加しま... | 【平日】...様化して います。家庭と仕事の両立支援と多様な業種での労働力の確保を目的 に、土曜日保育や休日保育、平日の一時預かり事業を継続します。公 立保育施設での使用済み紙おむつの園処分も継続し、保護者の負担軽 減... | 【観光】...本市は、多彩で高品質な食材の生産力を誇る食糧供給基 地であるとともに、自然環境、文化・歴史資産などの観光資源にも恵 まれ、更には、シニア層、女性の就業率が極めて高く、地理的にも広域 連携のメリットが感じら...
2026/06/13,和歌山県,予算の概要,https://www.pref.wakayama.lg.jp/prefg/010400/yosan/gaiyou.html,TRUE,TRUE,"【誘客】...外国人材の受入れ拡大に向 けた取組を本格的に始動します。 また、企業への海外展開支援や外国人観光客の誘客拡大に取り組むほ か、次世代型のモビリティとして期待される、空飛ぶクルマの県内での早期 実用化に向け... | 【滞在】... 地域振興課 移住定住推進住宅整備補助金 （古民家住宅整備） 4,000 移住希望者や関係人口の短期滞在住宅として整備事 業を行う市町村を支援 市町村 49 総務費 地域振興部 地域振興課 わかやま空き家... | 【周遊】...およびメディアを対象とし たセールスコール、FAMトリップ等）を展開 ④ 観光客が快適で安全に県内を周遊できる環境を整備するため、ガイド人材 の育成（高野・熊野地域通訳案内士育成研修など）や、飲食店の多言..."
2026/02/25,和歌山市,令和8年度予算,https://www.city.wakayama.wakayama.jp/shisei/zaisei/1033880/1066991/index.html,FALSE,FALSE,PDFなし
2026/01/22,和歌山市,令和7年度予算,https://www.city.wakayama.wakayama.jp/shisei/zaisei/1033880/1061417/index.html,FALSE,FALSE,PDFなし
2026/07/16,白浜町,当初予算について,https://www.town.shirahama.wakayama.jp/soshiki/somu/zaisei/gyomu/zausei_joukyo/1450338309144.html,TRUE,TRUE,"【滞在】... 明 新宮白浜区間白浜駅前駐車場利用促進負 担金 350 白浜生活学校活動費補助金 90 移住希望者滞在補助金 60 地域おこし協力隊起業支援補助金 1,000 生活交通路線バス維持費補助金 38,401... | 【商品券】...事業広域連携負担金 384 白浜町商工会補助金 9,500 日置川町商工会補助金 4,300 商工会商品券販売促進事業補助金 1,000 商店街等活性化促進事業補助金 1,000 中小企業信用保証料補助金 ... | 【地域活性化】... 、 予備 費 - 5 - 令和８年度の主な事業内容 豊かな心を育むまちづくり ◆学校教育の充実 〇地域活性化起業人受入事業【教育委員会】 ６０７万円 地域活性化起業人制度により、英語教育におけるカリキュラム作..."
2026/08/08,神戸観光局,神戸観光局,https://kobe-dmo.jp/about/disclosure/,TRUE,FALSE,【誘客】...に沿ったコンテンツの充実や、 「ＫＯＢＥ 観光スマートパスポート」等で回遊性の向上をはかり、神戸への誘客と滞在の長期化 を目指す。 また、山・海・街が近接する神戸ならではの夜景と港町神戸が育んだバー文化や... | 【滞在】...たコンテンツの充実や、 「ＫＯＢＥ 観光スマートパスポート」等で回遊性の向上をはかり、神戸への誘客と滞在の長期化 を目指す。 また、山・海・街が近接する神戸ならではの夜景と港町神戸が育んだバー文化やジ ャ... | 【ナイトタイム】...を目指す。 また、山・海・街が近接する神戸ならではの夜景と港町神戸が育んだバー文化やジ ャズを通じてナイトタイムエコノミーを推進するとともに、阪神・淡路大震災犠牲者 の鎮魂と神戸地域への集客を目的とした「神戸ルミ...
