URL,Hash,Detected_Date
https://www.pref.shiga.lg.jp/kensei/zaiseikaikei/yosan/347885.html,,
https://www.pref.shiga.lg.jp/kensei/zaiseikaikei/yosan/347484.html,,
https://www.pref.shiga.lg.jp/kensei/zaiseikaikei/yosan/347488.html,,
https://www.pref.shiga.lg.jp/kensei/zaiseikaikei/yosan/346044.html,,
https://www.pref.shiga.lg.jp/kensei/zaiseikaikei/yosan/345915.html,,
https://www.pref.shiga.lg.jp/kensei/zaiseikaikei/yosan/344841.html,,
https://www.pref.shiga.lg.jp/kensei/zaiseikaikei/yosan/344586.html,,
https://www.pref.shiga.lg.jp/kensei/zaiseikaikei/yosan/344587.html,,
https://www.pref.shiga.lg.jp/kensei/zaiseikaikei/yosan/342149.html,,
https://www.pref.shiga.lg.jp/kensei/zaiseikaikei/yosan/341630.html,,
https://www.pref.shiga.lg.jp/kensei/zaiseikaikei/yosan/339462.html,,
https://www.city.otsu.lg.jp/soshiki/005/1207/g/zaisei/tosho/69274.html,,
https://www.city.otsu.lg.jp/soshiki/005/1207/g/zaisei/tosho/68162.html,,
https://www.city.otsu.lg.jp/soshiki/005/1207/g/zaisei/tosho/68018.html,,
https://www.city.otsu.lg.jp/soshiki/005/1207/g/zaisei/hosei/72324.html,,
https://www.city.otsu.lg.jp/soshiki/005/1207/g/zaisei/hosei/72322.html,,
https://www.city.otsu.lg.jp/soshiki/005/1207/g/zaisei/hosei/70834.html,,
https://www.city.otsu.lg.jp/soshiki/005/1207/g/zaisei/hosei/70485.html,,
https://www.city.otsu.lg.jp/soshiki/005/1207/g/zaisei/hosei/69642.html,,
https://www.city.otsu.lg.jp/soshiki/005/1207/g/zaisei/hosei/69269.html,,
https://www.city.otsu.lg.jp/soshiki/005/1207/g/zaisei/yg/72328.html,,
https://www.city.otsu.lg.jp/soshiki/005/1207/g/zaisei/yg/71866.html,,
https://www.city.otsu.lg.jp/soshiki/005/1207/g/zaisei/yg/70483.html,,
https://www.city.otsu.lg.jp/soshiki/005/1207/g/zaisei/yg/70481.html,,
https://www.city.otsu.lg.jp/soshiki/005/1207/g/zaisei/yg/69640.html,,
https://www.city.otsu.lg.jp/soshiki/005/1207/g/zaisei/yg/69223.html,,
https://www.city.otsu.lg.jp/soshiki/005/1207/g/zaisei/yg/69257.html,,
https://www.city.otsu.lg.jp/soshiki/005/1207/g/zaisei/yg/66756.html,,
https://www.city.nagahama.lg.jp/0000016252.html,,
https://www.city.nagahama.lg.jp/0000015872.html,,
https://www.city.nagahama.lg.jp/0000014837.html,,
https://www.city.nagahama.lg.jp/0000015298.html,,
https://www.kyokanko.or.jp/about-kta/disclosure/,,
https://www.city.miyazu.kyoto.jp/site/yosankessai/28361.html,,
https://www.city.miyazu.kyoto.jp/site/yosankessai/27267.html,,
https://www.city.miyazu.kyoto.jp/site/yosankessai/26274.html,,
https://www.city.miyazu.kyoto.jp/site/yosankessai/25352.html,,
https://www.city.kyotango.lg.jp/top/soshiki/somu/zaisei/7/2/r7_0/20842.html,,
https://www.city.kyotango.lg.jp/top/soshiki/somu/zaisei/7/2/r8_1/22054.html,,
https://www.city.kyotango.lg.jp/top/soshiki/somu/zaisei/7/3/r7/r7_hoseikoukai/21438.html,,
https://www.city.nara.lg.jp/site/zaisei/248280.html,,
https://www.city.nara.lg.jp/site/zaisei/214693.html,,
https://www.city.nara.lg.jp/site/zaisei/229372.html,,
https://www.city.nara.lg.jp/site/zaisei/228872.html,,
https://www.city.nara.lg.jp/site/zaisei/251658.html,,
https://www.pref.nara.jp/13393.htm,,
